{
  "usingComponents": {
    "van-icon": "@vant/weapp/icon/index",
    "van-tab": "@vant/weapp/tab/index",
    "van-tabs": "@vant/weapp/tabs/index",
    "van-grid": "@vant/weapp/grid/index",
    "van-grid-item": "@vant/weapp/grid-item/index",
    "van-goods-action": "@vant/weapp/goods-action/index",
    "van-goods-action-icon": "@vant/weapp/goods-action-icon/index",
    "van-goods-action-button": "@vant/weapp/goods-action-button/index"
  },
  "navigationStyle": "custom",
  "navigationBarTextStyle":"white"
}